series_id,series_title,group_id,imprint_id
1,New Fun Comics,1,
2,New Comics,1,
3,More Fun Comics,1,
4,The Comics Magazine,1,
5,New Adventure Comics,1,
6,Detective Comics,4,
7,Adventure Comics,1,
8,Action Comics,3,
9,Mystery Men Comics,1,
10,All-American Comics,1,
11,Superman,3,
12,Blue Beetle,10,
13,Flash Comics,6,
14,Whiz Comics,1,
15,All-Star Comics,1,
16,Batman,4,
17,All-Flash,6,
18,Leading Comics,1,
19,Star-Spangled Comics,1,
20,Captain Marvel Adventures,12,
21,Police Comics,1,
22,World's Finest,2,
23,Green Lantern,7,
24,Boy Commandos,18,
25,Sensation Comics,1,
26,"Captain Marvel, Jr.",12,
27,Comic Cavalcade,1,
28,Wonder Woman,5,
29,Plastic Man,15,
30,The Big All-American Comic Book,1,
31,Hoppy the Marvel Bunny,12,
32,Mary Marvel,12,
33,The Marvel Family,12,
34,Superboy,3,
35,Strange Adventures,1,
36,Mystery in Space,1,
37,House of Mystery,1,
38,"Superman's Pal, Jimmy Olsen",3,
39,The Brave and the Bold,1,
40,Showcase,1,
41,"Superman's Girl Friend, Lois Lane",3,
42,The Flash,6,
43,Justice League of America,2,
44,Secret Origins,1,
45,80-Page Giant,1,
46,Forever People,13,
47,New Gods,13,
48,Mister Miracle,13,
49,Superman Family,3,
50,Superboy and the Legion of Super-Heroes,3,
51,DC Comics Presents,3,
52,World of Krypton,3,
53,Legion of Super-Heroes,3,
54,Tales of the Green Lantern Corps,7,
55,All-Star Squadron,2,
56,DC Graphic Novel,1,
57,Omega Men,14,
58,Crisis on Infinite Earths,23,
59,The Man of Steel,3,
60,Booster Gold,11,
61,Green Lantern Corps,7,
62,Millennium,22,
63,Young All-Stars,2,
64,Adventures of Superman,3,
65,Cosmic Odyssey,2,
66,The New Guardians,2,
67,Green Lantern: Emerald Dawn,7,
68,Green Lantern Corps Quarterly,7,
69,Jack Kirby's Fourth World,13,
70,Green Lantern 3D,7,
71,Green Lantern/Sentinel: Heart of Darkness,7,
72,Green Lantern 80-Page Giant,7,
73,Green Lantern: The New Corps,7,
74,JSA Returns,2,
75,Green Lantern/Superman: Legend of the Green Flame,7,
76,Green Lantern: Circle of Fire,7,
77,Orion,13,
78,Green Lantern Legacy: The Last Will and Testament of Hal Jordan,7,
79,Green Lantern Rebirth,7,
80,Green Lanterns Corps: Recharge,7,
81,The Flash: The Fastest Man Alive,6,
82,Blackest Night,7,
83,Brightest Day,7,
84,Green Lantern: Emerald Warriors,7,
85,Flashpoint,6,
86,The World of Flashpoint,6,
87,Green Lantern: New Guardians,7,
88,Green Lanterns,7,
89,Hal Jordan and the Green Lantern Corps,7,
90,The Green Lantern,7,
91,Green Lantern: Blackstars,7,
92,Future State: Green Lantern,7,
93,Superman: Son of Kal-El,3,
94,Adventures of Superman: Jon Kent,3,
95,Blue Beetle: Graduation Day,10,
96,Batman/Santa Claus: Silent Knight,4,
97,52,2,
98,Adventure Comics 80-Page Giant,1,
99,All-American Western,1,
100,All-American Men of War,1,
101,All-Star Western,1,
102,Best of the Brave and the Bold,1,
103,Flash & Green Lantern: The Brave and the Bold,2,
104,Silver Age: The Brave and the Bold,2,
105,Batman: The Brave and the Bold,2,
106,The Brave and the Bold: Batman and Wonder Woman,2,
107,DC: The Doomed and the Damned,2,
108,Justice League,2,
109,Justice League International,2,
110,Justice League Europe,2,
111,Justice League America,2,
112,Justice League: A Midsummer's Nightmare,2,
113,JLA,2,
114,Justice League Unlimited,2,
115,Justice League Task Force,2,
116,Justice League Quarterly,2,
117,Justice League Dark,2,
118,Extreme Justice,2,
119,Justice League Elite,2,
120,Justice League Odyssey,2,
121,The Legion,2,
122,Legion Lost,2,
123,Legionnaires,2,
124,DC Comics Presents: Mystery in Space,1,
125,Mysteries of Love in Space,1,
126,Sensation Mystery,1,
127,Sensation Comics Featuring Wonder Woman,1,
128,New Talent Showcase,1,
129,Showcase '93,1,
130,Showcase '94,1,
131,Showcase '95,1,
132,Showcase '96,1,
133,New Talent Showcase 2017,1,
134,New Talent Showcase 2018,1,
135,New Talent Showcase: The Milestone Initiative,1,
136,Star-Spangled War Stories,1,
137,Unknown Soldier,21,
138,G.I. Combat,1,
139,Legends of the World's Finest,2,
140,Superman and Batman: World's Funnest,2,
141,Superman/Batman,2,
142,Batman/Superman,2,
143,Batman/Superman: World's Finest,2,
144,World's Finest: Teen Titans,2,
145,Worlds' Finest,2,
146,Green Lantern/Green Arrow: World's Finest,2,
147,1st Issue Special,1,
148,52 Aftermath: The Four Horsemen,2,
149,A. Bizarro,21,
150,Absolute Batman,4,
151,Absolute Flash,6,
152,Absolute Green Lantern,7,
153,Absolute Martian Manhunter,21,
154,Absolute Power,21,
155,Absolute Power: Origins,21,
156,Absolute Power: Task Force VII,21,
157,Absolute Superman,3,
158,Absolute Wonder Woman,5,
159,Adam Strange,21,
160,Adventures of Rex the Wonder Dog,21,
161,Adventures of the Super Sons,2,
162,Alan Scott: The Green Lantern,7,
163,"All Star Batman and Robin, the Boy Wonder",4,
164,All Star Section Eight,21,
165,The All-New Atom,21,
166,All-Out War,19,
167,All-Star Batman,4,
168,All-Star Superman,3,
169,Amazons Attack,5,
170,Ambush Bug,21,
171,Ambush Bug: Year None,21,
172,America vs. the Justice Society,2,
173,Amethyst,21,
174,Anarky,4,
175,Anima,21,
176,Animal Man,21,
177,Aquaman,8,
178,Aquaman & The Flash: Voidsong,2,
179,Aquaman and the Others,8,
180,Aquaman Giant,8,
181,Aquaman Secret Files and Origins,8,
182,Aquaman/Green Arrow: Deep Target,2,
183,Aquaman: Andromeda,8,
184,Aquaman: Sword of Atlantis,8,
185,Aquaman: The Becoming,8,
186,Aquaman: Time and Tide,8,
187,Aquamen,8,
188,Arak: Son of Thunder,21,
189,Argus,21,
190,Arion Lord of Atlantis,8,
191,Arion the Immortal,8,
192,Arkham Asylum: Living Hell,4,
193,Arkham City: The Order of the World,4,
194,Arkham Manor,4,
195,Arkham Reborn,4,
196,Armageddon 2001,22,
197,Armageddon: Inferno,22,
198,Armageddon: The Alien Agenda,22,
199,Arsenal,9,
200,Artemis: Requiem,5,
201,Atlantis Chronicles,8,
202,The Atom Special,21,
203,The Atom,21,
204,The Authority,16,
205,The Authority: More Kev,16,
206,The Authority: Prime,16,
207,The Authority: Revolution,16,
208,The Authority: The Lost Year,16,
209,The Authority: The Magnificent Kevin,16,
210,Avengers/JLA,2,
211,Azrael,4,
212,Azrael: Death's Dark Knight,4,
213,Aztek: The Ultimate Man,4,
214,Bane: Conquest,4,
215,Bat Lash,20,
216,Batgirl,4,
217,Batgirl and the Birds of Prey,2,
218,Batgirl: Year One,4,
219,Batgirls,4,
220,Batman & Robin Eternal,4,
221,Batman & Robin: Year One,4,
222,Batman & The Joker: The Deadly Duo,4,
223,Batman (comic strip),4,
224,Batman 80-Page Giant,4,
225,Batman and Robin,4,
226,Batman and the Mad Monk,4,
227,Batman and the Monster Men,4,
228,Batman and the Outsiders,4,
229,Batman and the Signal,4,
230,Batman and Wildcat,4,
231,Batman Beyond,4,
232,Batman Beyond Universe,4,
233,Batman Beyond Unlimited,4,
234,Batman Beyond: Neo-Gothic,4,
235,Batman Beyond: Neo-Year,4,
236,Batman Chronicles,4,
237,Batman Confidential,4,
238,Batman Eternal,4,
239,Batman Family,4,
240,Batman Giant,4,
241,Batman Incorporated,4,
242,Batman Secret Files,4,
243,Batman Villains Secret Files and Origins,4,
244,Batman vs. Ra's al Ghul,4,
245,Batman vs. Robin,4,
246,Batman: White Knight Presents: Red Hood,4,
247,The Batman Who Laughs,4,
248,Batman/Catwoman,4,
249,Batman/Catwoman: Trail of the Gun,4,
250,Batman/Deathblow: After the Fire,4,
251,Batman/Huntress: Cry for Blood,4,
252,Batman/Lobo: Deadly Serious,4,
253,Batman/Superman/Wonder Woman: Trinity,2,
254,Batman/The Maxx: Arkham Dreams,4,
255,Batman/The Shadow,4,
256,Batman: Arkham City,4,
257,Batman: Arkham Knight,4,
258,Batman: Arkham Knight - Genesis,4,
259,Batman: Arkham Unhinged,4,
260,Batman: Bane of the Demon,4,
261,Batman: Battle for the Cowl,4,
262,Batman: Beyond the White Knight,4,
263,Batman: Black and White,4,
264,Batman: Book of the Dead,4,
265,Batman: Cacophony,4,
266,Batman: City of Light,4,
267,Batman: City of Madness,4,
268,Batman: Creature of the Night,4,
269,Batman: Curse of the White Knight,4,
270,Batman: Cyber Revolution,4,
271,Batman: Damned,4,
272,Batman: Dark Age,4,
273,Batman: Dark Detective,4,
274,Batman: Dark Knight of the Round Table,4,
275,Batman: Dark Patterns,4,
276,Batman: Dark Tomorrow,4,
277,Batman: Dark Victory,4,
278,Batman: Death and the Maidens,4,
279,Batman: Death Mask,4,
280,Batman: Earth One,4,
281,Batman: Europa,4,
282,Batman: Family,4,
283,The Bat-Man: First Knight,4,
284,Batman: Fortress,4,
285,Batman: Full Moon,4,
286,Batman: Gargoyle of Gotham,4,
287,Batman: Gates of Gotham,4,
288,Batman: GCPD,4,
289,Batman: Gordon of Gotham,4,
290,Batman: Gordon's Law,4,
291,Batman: Gotham Adventures,4,
292,Batman: Gotham After Midnight,4,
293,Batman: Gotham by Gaslight: The Kryptonian Age,4,
294,Batman: Gotham County Line,4,
295,Batman: Gotham Knights,4,
296,Batman: Gotham Knights - Gilded City,4,
297,Batman: Gotham Nights,4,
298,Batman: Harley and Ivy,4,
299,Batman: Haunted Gotham,4,
300,Batman: Hollywood Knight,4,
301,Batman: It's Joker Time,4,
302,Batman: Jekyll and Hyde,4,
303,Batman: Journey Into Knight,4,
304,Batman: Justice Buster,4,
305,Batman: Killing Time,4,
306,Batman: Kings of Fear,4,
307,Batman: Knightwatch,4,
308,Batman: Last Knight on Earth,4,
309,Batman: League of Batmen,4,
310,Batman: Legends of the Dark Knight,4,
311,Batman: Legends of the Dark Knight - Jazz,4,
312,Batman: Manbat,4,
313,Batman: Nevermore,4,
314,Batman: No Man's Land,4,
315,Batman: Odyssey,4,
316,Batman: Off-World,4,
317,Batman: One Bad Day,4,
318,Batman: One Dark Knight,4,
319,Batman: Orphans,4,
320,Batman: Orpheus Rising,4,
321,Batman: Outlaws,4,
322,Batman: Reptilian,4,
323,"Batman: Run, Riddler, Run",4,
324,Batman: Secrets,4,
325,Batman: Shadow of the Bat,4,
326,Batman: Sins of the Father,4,
327,Batman: Streets of Gotham,4,
328,Batman: Sword of Azrael,4,
329,Batman: Tenses,4,
330,Batman: The Adventures Continue,4,
331,Batman: The Ankh,4,
332,Batman: The Audio Adventures,4,
333,Batman: The Cult,4,
334,Batman: The Dark Knight,4,
335,Batman: The Dark Knight Returns,4,
336,Batman: The Dark Prince Charming,4,
337,Batman: The Detective,4,
338,Batman: The Doom That Came to Gotham,4,
339,Batman: The Imposter,4,
340,Batman: The Knight,4,
341,Batman: The Long Halloween,4,
342,Batman: The Return of Bruce Wayne,4,
343,Batman: The Ultimate Evil,4,
344,Batman: Three Jokers,4,
345,Batman: Toyman,4,
346,Batman: Turning Points,4,
347,Batman: Two-Face Strikes Twice,4,
348,Batman: Universe,4,
349,Batman: Unseen,4,
350,Batman: Urban Legends,4,
351,Batman: Vengeance of Bane,4,
352,Batman: White Knight,4,
353,Batman: White Knight Presents Harley Quinn,4,
354,Batman: White Knight Presents: Generation Joker,4,
355,Batman: Widening Gyre,4,
356,Batman: Year 100,4,
357,The Batman's Grave,4,
358,Bat-Mite,4,
359,Battle for Blüdhaven,4,
360,Batwing,4,
361,Batwoman,4,
362,Beast Boy,17,
363,Before Watchmen,21,
364,Before Watchmen: Comedian,21,
365,Before Watchmen: Doctor Manhattan,21,
366,Before Watchmen: Minutemen,21,
367,Before Watchmen: Moloch,21,
368,Before Watchmen: Nite Owl,21,
369,Before Watchmen: Ozymandias,21,
370,Before Watchmen: Rorschach,21,
371,Before Watchmen: Silk Spectre,21,
372,Beware the Creeper,21,
373,Billy Batson and the Magic of Shazam!,12,
374,Birds of Prey,2,
375,Birds of Prey: Manhunt,2,
376,Bizarro,3,
377,Black Adam,12,
378,Black Adam: The Dark Age,12,
379,Black Adam: The Justice Society Files,12,
380,Black Canary,21,
381,Black Canary: Best of the Best,21,
382,Black Condor,21,
383,Black Lightning,21,
384,Black Lightning: Cold Dead Hands,21,
385,Black Lightning: Year One,21,
386,Black Manta,8,
387,Black Orchid,21,
388,Blackhawk,19,
389,Blackhawks,19,
390,Blackmask,4,
391,Blood of the Demon,21,
392,Blood Pack,21,
393,Bloodbath,21,
394,Bloodhound,21,
395,Bloodlines,22,
396,Blue & Gold,2,
397,Blue Devil,21,
398,"Bob, the Galactic Bum",21,
399,Body Doubles,21,
400,Bombshells United,21,
401,The Book of Fate,,
402,The Books of Magic,,
403,Border Town,,
404,The Boy Wonder,,
405,Breach,,
406,Brightest Day Aftermath: The Search for Swamp Thing,,
407,"Brother Power, the Geek",,
408,Bruce Wayne: The Road Home,,
409,Bug! The Adventures of Forager,,
410,Butcher,,
411,Camelot 3000,,
412,Cancelled Comic Cavalcade,,
413,Caper,,
414,Capt. Storm,,
415,Captain Atom,,
416,Captain Atom: Armageddon,,
417,Captain Carrot and His Amazing Zoo Crew,,
418,Captain Carrot and His Amazing Zoo Crew: The Oz-Wonderland War,,
419,Captain Carrot and the Final Ark,,
420,Catwoman,,
421,Catwoman/Wildcat,,
422,Catwoman: Guardian of Gotham,,
423,Catwoman: Lonely City,,
424,Catwoman: When in Rome,,
425,Cave Carson Has a Cybernetic Eye,,
426,Centurions,,
427,Chain Gang War,,
428,Challenge of the Super Sons,,
429,Challengers of the Unknown,,
430,Channel 52,,
431,Charlton Premiere,,
432,Chase,,
433,Checkmate,,
434,Christmas with the Super-Heroes,,
435,Chronos,,
436,Cinnamon: El Ciclo,,
437,City Boy,,
438,Clash,,
439,Claw the Unconquered,,
440,Collapser,,
441,Congorilla,,
442,Conjurors,,
443,Connor Hawke: Dragon's Blood,,
444,Conqueror of the Barren Earth,,
445,Constantine,,
446,Constantine: The Hellblazer,,
447,Convergence,,
448,Convergence: Action Comics,,
449,Convergence: Adventures of Superman,,
450,Convergence: Aquaman,,
451,Convergence: Batgirl,,
452,Convergence: Batman and Robin,,
453,Convergence: Batman and the Outsiders,,
454,Convergence: Batman: Shadow of the Bat,,
455,Convergence: Blue Beetle,,
456,Convergence: Booster Gold,,
457,Convergence: Catwoman,,
458,Convergence: Crime Syndicate,,
459,Convergence: Detective Comics,,
460,Convergence: Green Arrow,,
461,Convergence: Green Lantern Corps,,
462,Convergence: Green Lantern/Parallax,,
463,Convergence: Harley Quinn,,
464,Convergence: Hawkman,,
465,Convergence: Infinity Inc.,,
466,Convergence: Justice League,,
467,Convergence: Justice League International,,
468,Convergence: Justice League of America,,
469,Convergence: Justice Society of America,,
470,Convergence: New Teen Titans,,
471,Convergence: Nightwing/Oracle,,
472,Convergence: Plastic Man and the Freedom Fighters,,
473,Convergence: Shazam!,,
474,Convergence: Speed Force,,
475,Convergence: Suicide Squad,,
476,Convergence: Superboy,,
477,Convergence: Superboy and the Legion of Super-Heroes,,
478,Convergence: Supergirl: Matrix,,
479,Convergence: Superman,,
480,Convergence: Superman: The Man of Steel,,
481,Convergence: Swamp Thing,,
482,Convergence: The Atom,,
483,Convergence: The Flash,,
484,Convergence: The Question,,
485,Convergence: Titans,,
486,Convergence: Wonder Woman,,
487,Convergence: World's Finest Comics,,
488,COPS,,
489,Cosmic Boy,,
490,Countdown,,
491,Countdown Presents: Lord Havok and the Extremists,,
492,Countdown Presents: The Search for Ray Palmer,,
493,Countdown Special,,
494,Countdown Special: Atom,,
495,Countdown to Adventure,,
496,Countdown to Mystery,,
497,Countdown: Arena,,
498,Creature Commandos,,
499,Creeper,,
500,Crime Bible: Five Lessons of Blood,,
501,Crime Syndicate,,
502,Crimson Avenger,,
503,Crisis Aftermath: The Spectre,,
504,Crisis on Infinite Earths Giant,,
505,Crush & Lobo,,
506,The Curse of Brimstone,,
507,Cyborg,,
508,Damage,,
509,Damian: Son of Batman,,
510,Danger Trail,,
511,Dark Crisis,,
512,Dark Crisis: Worlds Without a Justice League,,
513,Dark Crisis: Young Justice,,
514,Dark Knight III: The Master Race,,
515,The Dark Knight Strikes Again,,
516,Dark Knights of Steel,,
517,Dark Knights of Steel: Allwinter,,
518,Dark Nights: Death Metal,,
519,Dark Nights: Metal,,
520,Darkstars,,
521,Day of Judgment,,
522,Day of Vengeance,,
523,DC 100-Page Super Spectacular,,
524,DC 2000,,
525,DC Challenge,,
526,DC Classics: The Batman Adventures,,
527,DC Comics Bombshells,,
528,DC Comics Presents: Young Justice,,
529,DC Heroes Roleplaying Game,,
530,DC Horror Presents...,,
531,DC Horror Presents: Creature Commandos,,
532,DC Horror Presents: Sgt. Rock vs. the Army of the Dead,,
533,DC Horror Presents: Soul Plumber,,
534,DC Horror Presents: The Conjuring: The Lover,,
535,DC Nation,,
536,DC One Million,,
537,DC Retroactive: Batman,,
538,DC Retroactive: Green Lantern,,
539,DC Retroactive: Justice League of America,,
540,DC Retroactive: Superman,,
541,DC Retroactive: The Flash,,
542,DC Retroactive: Wonder Woman,,
543,DC Sampler,,
544,DC Science Fiction Graphic Novel,,
545,DC Special,,
546,DC Special Series,,
547,DC Special: Cyborg,,
548,DC Special: Raven,,
549,DC Special: The Return of Donna Troy,,
550,DC Super-Stars,,
551,DC Universe Legacies,,
552,DC Universe Presents,,
553,DC vs. Vampires,,
554,DC/Wildstorm: Dreamwar,,
555,DC: Mech,,
556,DC: The New Frontier,,
557,DCeased,,
558,DCeased: Dead Planet,,
559,DCeased: Unkillables,,
560,DCeased: War of the Undead Gods,,
561,DCU Holiday Bash,,
562,DCU: Decisions,,
563,DCU: Trinity,,
564,Dead Romeo,,
565,Deadman,,
566,Deadman: Dark Mansion of Forbidden Love,,
567,Deadman: Dead Again,,
568,Deadman: Exorcism,,
569,Deadman: Love After Death,,
570,Deadshot,,
571,Death of Hawkman,,
572,Death of the New Gods,,
573,Deathstroke,,
574,Deathstroke Inc.,,
575,Demon Knights,,
576,The Demon,,
577,The Demon: Driven Out,,
578,The Demon: Hell Is Earth,,
579,Dial H,,
580,Dial H for Hero,,
581,Doc Savage,,
582,Doctor Fate,,
583,Doctor Mid-Nite,,
584,Dollar Comics,,
585,Doom Patrol,,
586,Doomed,,
587,Doomsday Clock,,
588,Doorway to Nightmare,,
589,Earth 2,,
590,Earth 2: Society,,
591,Earth 2: World's End,,
592,Earth-Prime,,
593,Eclipso,,
594,Eclipso: The Darkness Within,,
595,El Diablo,,
596,Elongated Man,,
597,Elseworld's Finest,,
598,Elvira's House of Mystery,,
599,Enemy Ace: War in Heaven,,
600,Enginehead,,
601,Eradicator,,
602,Eternity Girl,,
603,Event Leviathan,,
604,The Fall and Rise of Captain Atom,,
605,Fallen Angel,,
606,Far Sector,,
607,Fate,,
608,FBP: Federal Bureau of Physics,,
609,Female Furies,,
610,Fighting American,,
611,Final Crisis,,
612,Final Crisis Aftermath: Dance,,
613,Final Crisis Aftermath: Escape,,
614,Final Crisis Aftermath: Ink,,
615,Final Crisis Aftermath: Run!,,
616,Final Crisis: Legion of 3 Worlds,,
617,Final Crisis: Revelations,,
618,Final Crisis: Rogues' Revenge,,
619,Final Crisis: Superman Beyond,,
620,The Final Night,,
621,Finals,,
622,Fire & Ice: Welcome to Smallville,,
623,Fire & Ice: When Hell Freezes Over,,
624,Firebrand,,
625,Firestorm,,
626,First Wave,,
627,The Flash 80-Page Giant,,
628,Flash Forward,,
629,The Flash Giant,,
630,The Flash Secret Files and Origins,,
631,Flash/Green Lantern: Faster Friends,,
632,The Flash: Rebirth,,
633,The Flash: Season Zero,,
634,Flashpoint Beyond,,
635,Flex Mentallo,,
636,Forever Evil,,
637,Forever Evil: A.R.G.U.S.,,
638,Forever Evil: Arkham War,,
639,Forever Evil: Rogues Rebellion,,
640,Forever Maelstrom,,
641,Formerly Known as the Justice League,,
642,"Frankenstein, Agent of S.H.A.D.E.",,
643,Freedom Fighters,,
644,From Beyond the Unknown,,
645,From the DC Vault,,
646,From the DC Vault: Death in the Family: Robin Lives!,,
647,Frontier Fighters,,
648,Fury of Firestorm: The Nuclear Men,,
649,Future State: Aquaman,,
650,Future State: Batman/Superman,,
651,Future State: Catwoman,,
652,Future State: Dark Detective,,
653,Future State: Gotham,,
654,Future State: Harley Quinn,,
655,Future State: Immortal Wonder Woman,,
656,Future State: Justice League,,
657,"Future State: Kara Zor-El, Superwoman",,
658,Future State: Legion of Super-Heroes,,
659,Future State: Nightwing,,
660,Future State: Robin Eternal,,
661,Future State: Shazam!,,
662,Future State: Suicide Squad,,
663,Future State: Superman of Metropolis,,
664,Future State: Superman vs. Imperious Lex,,
665,Future State: Superman/Wonder Woman,,
666,Future State: Superman: Worlds of War,,
667,Future State: Swamp Thing,,
668,Future State: Teen Titans,,
669,Future State: The Flash,,
670,Future State: The Next Batman,,
671,Future State: Wonder Woman,,
672,GCPD: The Blue Wall,,
673,Generations,,
674,Genesis,,
675,Ghost Manor,,
676,Ghosts,,
677,Giantkiller,,
678,Gilgamesh II,,
679,Golden Age,,
680,Gotham Academy,,
681,Gotham by Midnight,,
682,Gotham Central,,
683,Gotham City Garage,,
684,Gotham City Monsters,,
685,Gotham City Sirens,,
686,Gotham City: Year One,,
687,Gotham Underground,,
688,Grayson,,
689,The Great Ten,,
690,Green Arrow,,
691,Green Arrow and Black Canary,,
692,Green Arrow: The Longbow Hunters,,
693,Green Arrow: The Wonder Year,,
694,Green Arrow: Year One,,
695,Green Lantern Corps: Edge of Oblivion,,
696,Green Lantern Dark,,
697,Green Lantern Secret Files and Origins,,
698,Green Lantern Special,,
699,Green Lantern Super Spectacular,,
700,Green Lantern/Flash: Faster Friends,,
701,Green Lantern/Green Arrow,,
702,Green Lantern: Dragon Lord,,
703,Green Lantern: Earth One,,
704,Green Lantern: Evil's Might,,
705,Green Lantern: Mosaic,,
706,Green Lantern: The Lost Army,,
707,Green Lantern: War Journal,,
708,Green Team: Teen Trillionaires,,
709,The Griffin,,
710,Guardians of Metropolis,,
711,Gunfire,,
712,Guns of the Dragon,,
713,Guy Gardner,,
714,Guy Gardner Reborn,,
715,Guy Gardner: Collateral Damage,,
716,Hacker Files,,
717,Hardcore Station,,
718,Harleen,,
719,Harley Quinn,,
720,Harley Quinn and Her Gang of Harleys,,
721,Harley Quinn and Poison Ivy,,
722,Harley Quinn and Power Girl,,
723,Harley Quinn and the Birds of Prey,,
724,Harley Quinn: Black + White + Redder,,
725,Harley Quinn: Harley Loves Joker,,
726,Harley's Little Black Book,,
727,Haunted Tank,,
728,Haven: The Broken City,,
729,Hawk and Dove,,
730,Hawkgirl,,
731,Hawkman,,
732,Hawkman Special,,
733,Hawkworld,,
734,Haywire,,
735,The Heckler,,
736,The Hellblazer,,
737,Helmet of Fate,,
738,Hercules Unbound,,
739,H-E-R-O,,
740,Hero Hotline,,
741,Heroes in Crisis,,
742,Hex,,
743,History of the DC Universe,,
744,Hitman,,
745,Hourman,,
746,House of Secrets,,
747,House of Secrets: Facade,,
748,House of Whispers,,
749,Human Bomb,,
750,Human Defense Corps,,
751,Human Race,,
752,Human Target,,
753,The Human Target,,
754,Huntress,,
755,Huntress: Year One,,
756,I Am Batman,,
757,"I, Vampire",,
758,ICandy,,
759,Identity Crisis,,
760,Immortal Doctor Fate,,
761,The Immortal Men,,
762,Impulse,,
763,Inferior Five,,
764,Inferno,,
765,Infinite Crisis,,
766,Infinite Crisis: Fight for the Multiverse,,
767,Infinite Frontier,,
768,Infinity Inc.,,
769,Infinity Man and the Forever People,,
770,Injustice vs. Masters of the Universe,,
771,Injustice: Gods Among Us,,
772,Injustice: Ground Zero,,
773,Insurgent,,
774,Invasion!,,
775,Ion,,
776,Jack Cross,,
777,Jay Garrick: The Flash,,
778,"Jemm, Son of Saturn",,
779,JLA 80-Page Giant,,
780,JLA Classified,,
781,JLA Classified: Cold Steel,,
782,JLA Incarnations,,
783,JLA Secret Files and Origins,,
784,JLA/Hitman,,
785,JLA/The Spectre: Soul War,,
786,JLA/Titans,,
787,JLA: Act of God,,
788,JLA: Age of Wonder,,
789,JLA: Black Baptism,,
790,JLA: Created Equal,,
791,JLA: Destiny,,
792,JLA: Gatekeeper,,
793,JLA: Paradise Lost,,
794,JLA: Scary Monsters,,
795,JLA: Secret Society of Super-Heroes,,
796,JLA: World Without Grown-Ups,,
797,JLA: Year One,,
798,JLA-Z,,
799,Joe Kubert Presents,,
800,Johnny Thunder,,
801,The Joker Presents: A Puzzlebox,,
802,The Joker,,
803,Joker/Harley: Criminal Sanity,,
804,Joker: Killer Smile,,
805,Joker: Last Laugh,,
806,Joker: One Operation Joker,,
807,The Joker: The Man Who Stopped Laughing,,
808,Joker's Asylum,,
809,Jonah Hex,,
810,Jonah Hex and Other Western Tales,,
811,Jonah Hex: Riders of the Worm and Such,,
812,Jonah Hex: Shadows West,,
813,Jonah Hex: Two-Gun Mojo,,
814,Jonni Thunder,,
815,JSA,,
816,JSA All-Stars,,
817,JSA Classified,,
818,JSA Liberty Files: The Whistling Skull,,
819,JSA vs. Kobra,,
820,JSA: All Stars,,
821,JSA: Strange Adventures,,
822,JSA: The Liberty File,,
823,JSA: The Unholy Three,,
824,Judomaster,,
825,The Jurassic League,,
826,Justice,,
827,Justice League 3000,,
828,Justice League 3001,,
829,Justice League Adventures,,
830,Justice League Giant,,
831,Justice League Incarnate,,
832,Justice League Infinity,,
833,Justice League of America/The 99,,
834,Justice League of America's Vibe,,
835,Justice League United,,
836,Justice League vs. Godzilla vs. Kong,,
837,Justice League vs. Suicide Squad,,
838,Justice League vs. the Legion of Super-Heroes,,
839,Justice League/Power Rangers,,
840,Justice League: Another Nail,,
841,Justice League: Cry for Justice,,
842,Justice League: Endless Winter,,
843,Justice League: Generation Lost,,
844,Justice League: Gods and Monsters,,
845,Justice League: Last Ride,,
846,Justice League: No Justice,,
847,Justice League: The Atom Project,,
848,Justice League: The Darkseid War,,
849,Justice League: The Nail,,
850,Justice League: The Rise of Arsenal,,
851,Justice Leagues,,
852,Justice Society of America,,
853,"Justice, Inc.",,
854,Kamandi,,
855,The Kamandi Challenge,,
856,Kamandi: At Earth's End,,
857,Karate Kid,,
858,Katana,,
859,The Kents,,
860,Kid Eternity,,
861,Kingdom Come,,
862,The Kingdom,,
863,Klarion,,
864,Kneel Before Zod,,
865,Knight and Squire,,
866,Knight Terrors,,
867,Knight Terrors: Action Comics,,
868,Knight Terrors: Angel Breaker,,
869,Knight Terrors: Batman,,
870,Knight Terrors: Black Adam,,
871,Knight Terrors: Catwoman,,
872,Knight Terrors: Detective Comics,,
873,Knight Terrors: Green Lantern,,
874,Knight Terrors: Harley Quinn,,
875,Knight Terrors: Nightwing,,
876,Knight Terrors: Poison Ivy,,
877,Knight Terrors: Punchline,,
878,Knight Terrors: Ravager,,
879,Knight Terrors: Robin,,
880,Knight Terrors: Shazam!,,
881,Knight Terrors: Superman,,
882,Knight Terrors: The Flash,,
883,Knight Terrors: The Joker,,
884,Knight Terrors: Titans,,
885,Knight Terrors: Wonder Woman,,
886,Knight Terrors: Zatanna,,
887,Kobra,,
888,Kong the Untamed,,
889,Krypton Chronicles,,
890,L.E.G.I.O.N.,,
891,Lab Rats,,
892,Larfleeze,,
893,The Last Days of Animal Man,,
894,Lazarus Five,,
895,Lazarus Planet,,
896,Lazarus Planet: Revenge of the Gods,,
897,League of Justice,,
898,Legend of the Hawkman,,
899,The Legend of Wonder Woman,,
900,Legends,,
901,Legends of the Dark Knight,,
902,Legends of the Dark Knight 100-Page Super Spectacular,,
903,Legends of the DC Universe,,
904,Legends of the Legion,,
905,Legends of Tomorrow,,
906,Legion of Super-Heroes in the 31st Century,,
907,Legion of Super-Heroes: Millennium,,
908,Legion Worlds,,
909,Legion: Science Police,,
910,Legion: Secret Origin,,
911,Legionnaires 3,,
912,Lex Luthor: Man of Steel,,
913,The Light Brigade,,
914,Living Assault Weapons,,
915,Lobo,,
916,Lobo Unbound,,
917,Lobo/Mask,,
918,Lobo: A Contract on Gawd,,
919,Lobo: Death and Taxes,,
920,Lobo: Highway to Hell,,
921,Lobo: Infanticide,,
922,Lobo: Unamerican Gladiators,,
923,Lobo's Back,,
924,Lois Lane,,
925,Loose Cannon,,
926,Lords of the Ultra-Realm,,
927,Lot 13,,
928,Madame Xanadu,,
929,Magog,,
930,Man-Bat,,
931,Manhunter,,
932,Martian Manhunter,,
933,Martian Manhunter: American Secrets,,
934,MASK,,
935,Men of War,,
936,Mera: Queen of Atlantis,,
937,Metal Men,,
938,Metamorpho,,
939,Metamorpho: The Element Man,,
940,Metamorpho: Year One,,
941,Metropolis S.C.U.,,
942,Midnighter,,
943,Midnighter and Apollo,,
944,Mighty Crusaders,,
945,The Mighty,,
946,Mister E,,
947,Mister Miracle: The Source of Freedom,,
948,Mister Terrific,,
949,Monkey Prince,,
950,Monolith,,
951,Mother Panic,,
952,The Movement,,
953,Mr. Terrific: Year One,,
954,The Multiversity,,
955,Multiversity: Harley Screws Up the DCU,,
956,Multiversity: Teen Justice,,
957,My Greatest Adventure,,
958,My Name Is Chaos,,
959,Mystik U,,
960,Naomi,,
961,Nathaniel Dusk,,
962,National Comics,,
963,Nazz,,
964,Nemesis: The Impostors,,
965,The New 52: Futures End,,
966,New Book of Comics,,
967,New Challengers,,
968,The New Champion of Shazam!,,
969,The New Gods,,
970,New Suicide Squad,,
971,New Super-Man,,
972,New Super-Man and the Justice League of China,,
973,New Teen Titans,,
974,New Year's Evil,,
975,New York World's Fair Comics,,
976,The Next Batman: Second Son,,
977,The Next,,
978,Night Force,,
979,Nightwing,,
980,Nightwing/Huntress,,
981,Nightwing: The New Order,,
982,Nubia and the Amazons,,
983,Nubia: Queen of the Amazons,,
984,The Odyssey of the Amazons,,
985,Old Lady Harley,,
986,OMAC,,
987,OMAC Project,,
988,One-Star Squadron,,
989,Oracle: The Cure,,
990,The Other History of the DC Universe,,
991,Our Army at War,,
992,Our Fighting Forces,,
993,Our Worlds at War,,
994,Outcasts,,
995,Outlaws,,
996,Outsiders,,
997,Outsiders: Five of a Kind,,
998,Peacemaker,,
999,The Penguin,,
1000,Penguin: Pain and Prejudice,,
1001,Peter Cannon: Thunderbolt,,
1002,Phantom Lady,,
1003,The Phantom Stranger,,
1004,The Phantom Zone,,
1005,The Phantom,,
1006,Plastic Man No More!,,
1007,Plus,,
1008,Poison Ivy,,
1009,Poison Ivy: Cycle of Life and Death,,
1010,The Power Company,,
1011,Power Girl,,
1012,Power Lords,,
1013,The Power of Shazam!,,
1014,Power of the Atom,,
1015,Prez,,
1016,Primal Force,,
1017,Primer,,
1018,The Prisoner,,
1019,Psyba-Rats,,
1020,Punchline: The Gotham Game,,
1021,The Question Quarterly,,
1022,The Question,,
1023,The Question: All Along the Watchtower,,
1024,The Question: The Deaths of Vic Sage,,
1025,R.E.B.E.L.S.,,
1026,Ragman,,
1027,Ragman: Cry of the Dead,,
1028,Rann-Thanagar War,,
1029,Rann-Thanagar: Holy War,,
1030,Ravagers,,
1031,Raven,,
1032,Raven: Daughter of Darkness,,
1033,The Ray,,
1034,Realworlds,,
1035,Red Circle,,
1036,Red Hood,,
1037,Red Hood and the Outlaws,,
1038,Red Hood/Arsenal,,
1039,Red Hood: Outlaw,,
1040,Red Hood: The Hill,,
1041,Red Hood: The Lost Days,,
1042,Red Lanterns,,
1043,Red Robin,,
1044,Red Tornado,,
1045,Reign in Hell,,
1046,Reign of the Zodiac,,
1047,Relative Heroes,,
1048,Resurrection Man,,
1049,Resurrection Man: Quantum Karma,,
1050,Richard Dragon,,
1051,"Richard Dragon, Kung-Fu Fighter",,
1052,The Riddler: Year One,,
1053,Rima,,
1054,Rip Hunter,,
1055,Robin,,
1056,Robin & Batman,,
1057,Robin 3000,,
1058,Robin Hood Tales,,
1059,Robin War,,
1060,Robin: Son of Batman,,
1061,Robin: Year One,,
1062,Robins,,
1063,Robotech Defenders,,
1064,Rogues,,
1065,Roots of the Swamp Thing,,
1066,Rose and Thorn,,
1067,The Ruff & Reddy Show,,
1068,S.T.A.R. Corps,,
1069,Saga of Ra's al Ghul,,
1070,Salvation Run,,
1071,Sandman,,
1072,Savage Hawkman,,
1073,Scare Tactics,,
1074,Scarlett,,
1075,Scratch,,
1076,Sea Devils,,
1077,Secret History of The Authority: Hawksmoor,,
1078,Secret Six,,
1079,Secret Society of Super-Villains,,
1080,Secrets of Haunted House,,
1081,Secrets of Sinister House,,
1082,Secrets of the Legion of Super-Heroes,,
1083,Seekers into the Mystery,,
1084,Sensational Wonder Woman,,
1085,Seven Soldiers of Victory,,
1086,Seven Soldiers: Bulleteer,,
1087,Seven Soldiers: Frankenstein,,
1088,Seven Soldiers: Klarion,,
1089,Seven Soldiers: Manhattan Guardian,,
1090,Seven Soldiers: Mister Miracle,,
1091,Seven Soldiers: Shining Knight,,
1092,Seven Soldiers: Zatanna,,
1093,Sgt. Rock,,
1094,Sgt. Rock: The Lost Battalion,,
1095,Sgt. Rock: The Prophecy,,
1096,The Shade,,
1097,"Shade, the Changing Girl",,
1098,"Shade, the Changing Man",,
1099,Shado: Song of the Dragon,,
1100,Shadow Cabinet,,
1101,The Shadow War of Hawkman,,
1102,Shadowpact,,
1103,Shazam!,12,
1104,Shazam!: The Monster Society of Evil,12,
1105,Shazam!: The New Beginning,12,
1106,The Shield,,
1107,Sideways,,
1108,The Silencer,,
1109,Silver Age,,
1110,Simon Dark,,
1111,Sinestro,,
1112,Sinister Sons,,
1113,Sixpack and Dogwelder: Hard-Travelin' Heroz,,
1114,Skull and Bones,,
1115,Slash Maraud,,
1116,Solo,,
1117,Solomon Grundy,,
1118,Son of Ambush Bug,,
1119,Sonic Disruptors,,
1120,Sovereign Seven,,
1121,Space Adventures,,
1122,Spanner's Galaxy,,
1123,Special War Series,,
1124,Spectre,,
1125,Speed Force,6,
1126,Spirit,,
1127,Spirit World,,
1128,Stalker,,
1129,Star Hunters,,
1130,Starfire,,
1131,Stargirl: The Lost Children,,
1132,Starman,,
1133,Stars and S.T.R.I.P.E.,,
1134,Star-Spangled War Stories Featuring G.I. Zombie,19,
1135,Steel,3,
1136,Steelworks,3,
1137,Streets,,
1138,Sugar and Spike,21,
1139,Suicide Squad,2,
1140,Suicide Squad Most Wanted,2,
1141,Suicide Squad: Black Files,2,
1142,Suicide Squad: Blaze,2,
1143,Suicide Squad: Dream Team,2,
1144,Suicide Squad: Get Joker!,2,
1145,Suicide Squad: Kill Arkham Asylum,2,
1146,Suicide Squad: King Shark,2,
1147,Sun Devils,,
1148,Super DC Giant,,
1149,Super Powers,,
1150,Super Sons,,
1151,Superboy and the Ravers,3,
1152,Superboy: The Man of Tomorrow,3,
1153,Superboy's Legion,3,
1154,Supergirl,3,
1155,Supergirl (American Honda),3,
1156,Supergirl: Being Super,3,
1157,Supergirl: Woman of Tomorrow,3,
1158,Superman & Batman Magazine,2,
1159,Superman & Batman: Generations,2,
1160,Superman (comic strip),3,
1161,Superman 80-Page Giant,3,
1162,Superman Adventures,3,
1163,Superman and the Authority,3,
1164,Superman Confidential,3,
1165,Superman for All Seasons,3,
1166,Superman Giant,3,
1167,Superman Red and Blue,3,
1168,Superman Secret Files and Origins,3,
1169,Superman Smashes the Klan,3,
1170,Superman Unchained,3,
1171,Superman Unlimited,3,
1172,Superman vs. Lobo,3,
1173,Superman/Doomsday: Hunter/Prey,3,
1174,Superman/Gen 13,2,
1175,Superman/Shazam!: First Thunder,2,
1176,Superman/Silver Banshee,3,
1177,Superman/Supergirl: Maelstrom,3,
1178,Superman/Wonder Woman,2,
1179,Superman/Wonder Woman: Whom Gods Destroy,2,
1180,Superman: American Alien,3,
1181,Superman: Birthright,3,
1182,Superman: Dark Side,3,
1183,Superman: Day of Doom,3,
1184,Superman: Doomed,3,
1185,Superman: Earth One,3,
1186,Superman: Last Son of Earth,3,
1187,Superman: Last Stand of New Krypton,3,
1188,Superman: Lois and Clark,3,
1189,Superman: Lost,3,
1190,Superman: Metropolis,3,
1191,Superman: Red Son,3,
1192,Superman: Secret Identity,3,
1193,Superman: Secret Origin,3,
1194,Superman: Space Age,3,
1195,Superman: Strength,3,
1196,Superman: The Coming of the Supermen,3,
1197,Superman: The Doomsday Wars,3,
1198,Superman: The Kansas Sighting,3,
1199,Superman: The Last Days of Lex Luthor,3,
1200,Superman: The Last Family of Krypton,3,
1201,Superman: The Man of Steel,3,
1202,Superman: The Man of Tomorrow,3,
1203,Superman: The Secret Years,3,
1204,Superman: The Silver Age Dailies,3,
1205,Superman: Up in the Sky,3,
1206,Superman: War of the Supermen,3,
1207,Superman: World of New Krypton,3,
1208,Superman: Year One,3,
1209,Superman's Nemesis: Lex Luthor,3,
1210,Supermen of America,3,
1211,Super-Team Family,,
1212,Superwoman,3,
1213,Swamp Thing,,
1214,Swamp Thing Giant,,
1215,The Swamp Thing,,
1216,Swamp Thing: Green Hell,,
1217,Sword of Azrael,4,
1218,Sword of Sorcery,,
1219,Sword of the Atom,,
1220,Sword of the Atom Special,,
1221,T.H.U.N.D.E.R. Agents,,
1222,Tailgunner Jo,,
1223,Takion,,
1224,Tales from the Dark Multiverse,,
1225,Tales of Ghost Castle,,
1226,Tales of the New Teen Titans,17,
1227,Tales of the Sinestro Corps,7,
1228,Tales of the Teen Titans,17,
1229,Tales of the Titans,17,
1230,Tales of the Unexpected,,
1231,Talon,4,
1232,Tangent: Superman's Reign,,
1233,Task Force Z,2,
1234,Team Titans,17,
1235,Teen Titans,17,
1236,Teen Titans Academy,17,
1237,Teen Titans Giant,17,
1238,Teen Titans Spotlight,17,
1239,Teen Titans/Outsiders Secret Files and Origins,17,
1240,Teen Titans: Earth One,17,
1241,Teen Titans: Year One,17,
1242,Telos,,
1243,Tempest,,
1244,Tempus Fugitive,,
1245,Terra,,
1246,The Terrifics,2,
1247,Terror Titans,17,
1248,Threshold,,
1249,Thriller,,
1250,Thrillkiller,,
1251,Tim Drake: Robin,4,
1252,Timber Wolf,,
1253,Time Masters,,
1254,Time Masters: Vanishing Point,,
1255,Time Warp,,
1256,Titans,17,
1257,Titans Giant,17,
1258,Titans Hunt,17,
1259,Titans Secret Files and Origins,17,
1260,Titans United,17,
1261,Titans United: Bloodpact,17,
1262,Titans/Legion of Super-Heroes: Universe Ablaze,17,
1263,Titans/Young Justice: Graduation Day,17,
1264,Titans: Beast World,17,
1265,Titans: Beast World Tour,17,
1266,Titans: Burning Rage,17,
1267,Tomahawk,,
1268,Tor,,
1269,Total Justice,,
1270,Trial of the Amazons,5,
1271,Trial of the Amazons: Wonder Girl,5,
1272,The Trials of Shazam!,12,
1273,Trigger Twins,,
1274,Trinity,,
1275,Trinity of Sin,,
1276,Trinity of Sin: Pandora,,
1277,Triumph,,
1278,Trouble Magnet,,
1279,Truth & Justice,,
1280,Twilight,,
1281,Two-Face,4,
1282,Two-Face: Year One,4,
1283,Uncle Sam and the Freedom Fighters,,
1284,Uncle Sam Quarterly,,
1285,Underworld,,
1286,Underworld Unleashed,,
1287,The Unexpected,,
1288,Unstoppable Doom Patrol,,
1289,Untold Legend of the Batman,4,
1290,Valor,,
1291,Vext,,
1292,The Vigil,,
1293,Vigilante,,
1294,"Vigilante: City Lights, Prairie Justice",,
1295,Vigilante: Southland,,
1296,Villains United,,
1297,Viper,,
1298,Vixen: Return of the Lion,21,
1299,Wanderers,,
1300,Wanted,,
1301,War for Earth-3,,
1302,War of the Gods,,
1303,War of the Green Lanterns: Aftermath,7,
1304,The War That Time Forgot,20,
1305,Warlord,21,
1306,Wasteland,,
1307,Watchmen,21,
1308,We Are Robin,4,
1309,We3,,
1310,Wednesday Comics,21,
1311,Weird Mystery Tales,21,
1312,Weird War Tales,19,
1313,Weird Western Tales,20,
1314,The Weird,21,
1315,Wesley Dodds: The Sandman,21,
1316,Western Comics,20,
1317,WF3: World's Finest Three (Superboy/Robin),2,
1318,Wild Dog,21,
1319,The Witching Hour,,
1320,Wonder Girl,5,
1321,Wonder Twins,21,
1322,Wonder Woman (comic strip),5,
1323,Wonder Woman Giant,5,
1324,Wonder Woman Historia: The Amazons,5,
1325,Wonder Woman Secret Files and Origins,5,
1326,Wonder Woman: Black and Gold,5,
1327,Wonder Woman: Come Back to Me,5,
1328,Wonder Woman: Dead Earth,5,
1329,Wonder Woman: Earth One,5,
1330,Wonder Woman: Evolution,5,
1331,Wonder Woman: War of the Gods Special Edition,5,
1332,World of Metropolis,3,
1333,World of Smallville,3,
1334,World War III,22,
1335,World Without End,,
1336,World's Greatest Super-Heroes,,
1337,The World's Greatest Superheroes,,
1338,Wrath of the Spectre,,
1339,Xenobrood,,
1340,Xero,,
1341,Year of the Villain: Hell Arisen,22,
1342,Year One: Batman/Ra's al Ghul,4,
1343,Year One: Batman/Scarecrow,4,
1344,Young Heroes in Love,21,
1345,Young Justice,17,
1346,Young Justice: Sins of Youth,17,
1347,Young Justice: Targets,17,
1348,Zatanna,21,
1349,Zatanna: Bring Down the House,21,
1350,Zero Hour: Crisis in Time,22,
1351,"Superman's Pal, Jimmy Olsen Special",3,
1352,DCU: Rebirth,22,
1353,Faces of Evil,22,
1354,Superman: Lois Lane,3,
1355,Batman: Prelude to the Wedding,4,
1356,3-D Batman,4,
1357,9-11,,
1358,Absolute Power: Ground Zero,22,
1359,Absolute Power: Super Son,22,
1360,Action Comics Special,3,
1361,Adam Strange Special,,
1362,Advent Rising,,
1363,The Adventures of Superboy Special,3,
1364,Agent Liberty Special,,
1365,All-Star Comics 80-Page Giant,,
1366,Alpha Centurion Special,,
1367,Ambush Bug Nothing Special,21,
1368,Ambush Bug Stocking Stuffer,21,
1369,Amethyst Special,,
1370,Ape-ril Special,,
1371,Aquaman 80th Anniversary 100-Page Super Spectacular,8,
1372,Aquaman Special,8,
1373,Aquaman/Justice League: Drowned Earth,8,
1374,Aquaman: Through Fire and Water,8,
1375,Are You Afraid of Darkseid?,,
1376,Arion Lord of Atlantis Special,8,
1377,Arkham Asylum: A Serious House on Serious Earth,4,
1378,Arkham Asylum: Madness,4,
1379,Arkham Manor: Endgame,4,
1380,Army At War,19,
1381,Arsenal Special,9,
1382,Artemis: Wanted,5,
1383,Atlas of the DC Universe,,
1384,Batgirl Secret Files and Origins,4,
1385,Batgirl Special,4,
1386,Batgirl: Endgame,4,
1387,Batman 80-Page Giant 2010,4,
1388,Batman 80-Page Giant 2011,4,
1389,Batman Allies Secret Files and Origins 2005,4,
1390,Batman and Dracula: Red Rain,4,
1391,Batman and the Spirit,4,
1392,Batman Beyond Files,4,
1393,Batman Beyond: No Place Like Home,4,
1394,Batman Chronicles: The Gauntlet,4,
1395,Batman Day 2023 Special Edition: Batman/Catwoman: The Gotham War Prelude,4,
1396,Batman in Barcelona: Dragon's Knight,4,
1397,Batman Incorporated Special,4,
1398,Batman Incorporated: Leviathan Strikes!,4,
1399,The Batman of Arkham,4,
1400,Batman Special Edition (FCBD),4,
1401,The Batman Who Laughs: The Grim Knight,4,
1402,Batman/Catwoman Special,4,
1403,Batman/Catwoman: Follow the Money,4,
1404,Batman/Catwoman: The Gotham War: Battle Lines,4,
1405,Batman/Catwoman: The Gotham War: Scorched Earth,4,
1406,Batman/Dark Joker: The Wild,4,
1407,Batman/Deadman: Death and Glory,4,
1408,Batman/Demon: A Tragedy,4,
1409,Batman/Doc Savage Special,4,
1410,Batman/Green Arrow: The Poison Tomorrow,4,
1411,Batman/Grendel: Devil's Masque,4,
1412,Batman/Grendel: Devil's Riddle,4,
1413,Batman/Houdini: Devil's Workshop,4,
1414,Batman/Joker: Switch,4,
1415,Batman/Lobo,4,
1416,Batman/Nightwing: Bloodborne,4,
1417,Batman/Phantom Stranger,4,
1418,Batman/Poison Ivy: Cast Shadows,4,
1419,Batman/Scarecrow 3-D,4,
1420,Batman/Scarface: A Psychodrama,4,
1421,Batman/Superman Authority Special,4,
1422,Batman: Absolution,4,
1423,Batman: Arkham Asylum - Tales of Madness,4,
1424,Batman: Bane,4,
1425,Batman: Batgirl,4,
1426,Batman: Birth of the Demon,4,
1427,Batman: Blackgate - Isle of Men,4,
1428,Batman: Blackgate,4,
1429,Batman: Bloodstorm,4,
1430,Batman: Bride of the Demon,4,
1431,Batman: Brotherhood of the Bat,4,
1432,Batman: Bullock's Law,4,
1433,Batman: Castle of the Bat,4,
1434,Batman: Child of Dreams,4,
1435,Batman: Crimson Mist,4,
1436,Batman: Dark Allegiances,4,
1437,Batman: Dark Knight Dynasty,4,
1438,Batman: Day of Judgment,4,
1439,Batman: Death by Design,4,
1440,Batman: Death of Innocents,4,
1441,Batman: Demon,4,
1442,Batman: Detective No. 27,4,
1443,Batman: Digital Justice,4,
1444,Batman: DOA,4,
1445,Batman: Dreamland,4,
1446,Batman: Ego,4,
1447,Batman: Fear State: Alpha,4,
1448,Batman: Fear State: Omega,4,
1449,Batman: Fortunate Son,4,
1450,Batman: Full Circle,4,
1451,Batman: Gotham by Gaslight,4,
1452,Batman: Gotham City Secret Files and Origins,4,
1453,Batman: Gotham Noir,4,
1454,Batman: Harley Quinn,4,
1455,Batman: Harvest Breed,4,
1456,Batman: Hidden Treasures,4,
1457,Batman: Holy Terror,4,
1458,Batman: Hong Kong,4,
1459,Batman: Huntress & Spoiler,4,
1460,"Batman: I, Joker",4,
1461,Batman: In Darkest Knight,4,
1462,Batman: Joker's Apprentice,4,
1463,Batman: Knight Gallery,4,
1464,Batman: Knightwatch - Batman Day Special Edition,4,
1465,Batman: Legends of Gotham,4,
1466,Batman: Masque,4,
1467,Batman: Master of the Future,4,
1468,Batman: Masterpieces,4,
1469,Batman: Mitefall,4,
1470,Batman: Mr. Freeze,4,
1471,Batman: Night Cries,4,
1472,Batman: Nightwalker (graphic novel),4,
1473,Batman: Nine Lives,4,
1474,Batman: No Man's Land Secret Files and Origins,4,
1475,Batman: Noël,4,
1476,Batman: Nosferatu,4,
1477,Batman: Our Worlds at War,4,
1478,Batman: Penguin Triumphant,4,
1479,Batman: Pennyworth R.I.P.,4,
1480,Batman: Poison Ivy,4,
1481,Batman: Reign of Terror,4,
1482,Batman: Riddler,4,
1483,Batman: Room Full of Strangers,4,
1484,Batman: Scar of the Bat,4,
1485,Batman: Scottish Connection,4,
1486,Batman: Seduction of the Gun,4,
1487,Batman: Son of the Demon,4,
1488,Batman: The 10-Cent Adventure,4,
1489,Batman: The 12-Cent Adventure,4,
1490,Batman: The Abduction,4,
1491,Batman: The Audio Adventures Special,4,
1492,"Batman: The Blue, the Grey, and the Bat",4,
1493,Batman: The Book of Shadows,4,
1494,Batman: The Chalice,4,
1495,Batman: The Golden Streets of Gotham,4,
1496,Batman: The Hill,4,
1497,Batman: The Joker War Zone,4,
1498,Batman: The Joker's Last Laugh (Minicomic),4,
1499,Batman: The Killing Joke,4,
1500,Batman: The Last Angel,4,
1501,Batman: The Long Halloween Special,4,
1502,Batman: The Man Who Laughs,4,
1503,Batman: The Order of Beasts,4,
1504,Batman: The World,4,
1505,Batman: Two Faces,4,
1506,Batman: Two-Face,4,
1507,Batman: War On Crime,4,
1508,Batwoman/Supergirl: World's Finest Giant,4,
1509,Birds of Prey Giant,2,
1510,Birds of Prey Secret Files and Origins 2003,2,
1511,Birds of Prey: Batgirl,2,
1512,Birds of Prey: Batgirl/Catwoman,2,
1513,Birds of Prey: Black Canary/Oracle,2,
1514,Birds of Prey: Catwoman/Oracle,2,
1515,Birds of Prey: Revolution,2,
1516,Birds of Prey: The Ravens,2,
1517,Birds of Prey: Wolves,2,
1518,Bizarro Comics,3,
1519,Bizarro World (graphic novel),3,
1520,Black Adam: Endless Winter Special,12,
1521,Black Adam: Year of the Villain,12,
1522,Black Canary and Zatanna: Bloodspell,,
1523,Black Canary Wedding Planner,,
1524,Black Canary: Ignite,,
1525,Black Mask: Year of the Villain,,
1526,The Black Racer and Shilo Norman Special,,
1527,Blackhawk Special,,
1528,Blasters Special,,
1529,Brave New World,,
1530,Brightest Day: The Atom Special,,
1531,Catwoman 80th Anniversary 100-Page Super Spectacular,4,
1532,Catwoman Secret Files and Origins,4,
1533,Catwoman: Defiant,4,
1534,Catwoman: Election Night,4,
1535,Catwoman: Selina's Big Score,4,
1536,Catwoman: The Legacy Cowl,4,
1537,Cave Carson Has a Cybernetic Eye/Swamp Thing Special,,
1538,Countdown to Infinite Crisis,22,
1539,Cursed Comics Cavalcade,,
1540,Daily Planet Guide to Gotham City,,
1541,Daily Planet Invasion Special,22,
1542,The Dark Knight Returns: The Last Crusade,4,
1543,Dark Knights of Steel: Tales from the Three Kingdoms,,
1544,Dark Knights of Steel: The Gathering Storm,,
1545,Darkseid Special,,
1546,Dawn of DC Primer Special Edition,,
1547,Dawn of DC: We Are Legends Special Edition,,
1548,Day of Judgment Secret Files and Origins,,
1549,DC All In Special,,
1550,DC Comics: The New 52,,
1551,DC Cybernetic Summer,,
1552,DC Festival of Heroes: The Asian Superhero Celebration,,
1553,DC First: Batgirl/Joker,,
1554,DC First: Flash/Superman,,
1555,DC First: Green Lantern/Green Lantern,,
1556,DC First: Superman/Lobo,,
1557,DC Halloween Special,,
1558,DC Holiday Special 2017,,
1559,DC House of Horror,,
1560,DC Love Is a Battlefield,,
1561,DC Nation Presents DC: Future State,,
1562,DC Nuclear Winter Special,,
1563,DC One Million 80-Page Giant,,
1564,DC Power 2024,,
1565,DC Power: A Celebration,,
1566,DC Power: Rise of the Power Company,,
1567,DC Pride 2022,,
1568,DC Pride 2023,,
1569,DC Pride 2024,,
1570,DC Pride 2025,,
1571,DC Pride,,
1572,DC Pride: A Celebration of Rachel Pollack,,
1573,DC Pride: Through the Years,,
1574,DC Pride: Tim Drake Special,,
1575,DC Rebirth Holiday Special,,
1576,DC Universe Halloween Special,,
1577,DC Universe Holiday Special '09,,
1578,DC Universe Holiday Special,,
1579,DC Universe Special - Justice League of America,,
1580,DC Universe Special: Reign in Hell,,
1581,DC Universe,,
1582,DCeased: A Good Day to Die,,
1583,"DC's Batman Smells, Robin Laid an Egg",,
1584,DC's Beach Blanket Bad Guys Summer Special,,
1585,DC's Crimes of Passion,,
1586,DC's Ghouls Just Wanna Have Fun,,
1587,DC's Grifter Got Run Over by a Reindeer,,
1588,DC's Harley Quinn Romances,,
1589,DC's How to Lose a Guy Gardner in 10 Days,,
1590,DC's I Know What You Did Last Crisis,,
1591,DC's Legion of Bloom,,
1592,DC's Lex and the City,,
1593,DC's Saved by the Belle Reve,,
1594,DC's Spring Breakout!,,
1595,DC's Terrors Through Time,,
1596,DC's 'Twas the Mite Before Christmas,,
1597,DC's Very Merry Multiverse,,
1598,DC's Year of the Villain Special,,
1599,DCU Halloween Special 2010,,
1600,DCU Heroes Secret Files and Origins,,
1601,DCU Holiday Special 2010,,
1602,DCU Infinite Holiday Special,,
1603,DCU Villains Secret Files and Origins,,
1604,DCU: Last Will and Testament,,
1605,The Death of Superman 30th Anniversary Special,,
1606,Detective Comics: Batman 80th Anniversary Giant,,
1607,Detective Comics: Endgame,,
1608,Detention Comics,,
1609,Divergence,,
1610,Dog Days of Summer,,
1611,Doom Force Special,,
1612,Doom Patrol and Suicide Squad Special,,
1613,Doom Patrol/JLA Special,,
1614,Doomsday Annual,,
1615,Elseworlds 80-Page Giant,,
1616,Elseworld's Finest: Supergirl & Batgirl,,
1617,Elvira's House of Mystery Special,,
1618,Emperor Joker,,
1619,Enemy Ace: War Idyll,,
1620,FCBD 2023 Dawn of DC: Knight Terrors Special Edition,,
1621,FCBD 2024 Absolute Power Special Edition,,
1622,FCBD 2025: All In/Absolute Universe Special Edition,,
1623,FCBD Dark Crisis Special Edition,,
1624,Final Crisis: Rage of the Red Lanterns,,
1625,Final Crisis: Requiem,,
1626,Final Crisis: Resist,,
1627,Final Crisis: Secret Files,,
1628,Final Crisis: Submit,,
1629,First Wave Special,,
1630,Flash Facts,,
1631,Flash vs. Dr. Polaris,,
1632,The Flash: Iron Heights,,
1633,Flash: Time Flies,,
1634,Forever Evil Aftermath: Batman vs. Bane,,
1635,From Beyond the Unknown Giant,,
1636,From the DC Vault: Batman,,
1637,Future State: Superman: House of El,,
1638,Future State: Teen Titans - Ruins,,
1639,Generations Forged,,
1640,Generations Shattered,,
1641,Ghosts Giant,,
1642,Giant-Size Atom,,
1643,G'nort's Swimsuit Edition,,
1644,Golden Age Secret Files and Origins,,
1645,Gotham Academy: Endgame,,
1646,Gotham Academy: Maps of Mystery,,
1647,Gotham City Villains Anniversary Giant,,
1648,Green Arrow 80th Anniversary 100-Page Super Spectacular,,
1649,Green Arrow and Black Canary Wedding Special,,
1650,Green Arrow Secret Files and Origins,,
1651,Green Arrow: Stranded,,
1652,Green Lantern 3-D,,
1653,Green Lantern 80th Anniversary 100-Page Super Spectacular,,
1654,Green Lantern Silver Surfer: Unholy Alliances,,
1655,Green Lantern/Plastic Man: Weapons of Mass Deception,,
1656,Green Lantern: 1001 Emerald Nights,,
1657,"Green Lantern: Brightest Day, Blackest Night",,
1658,Green Lantern: Fear Itself,,
1659,Green Lantern: Ganthet's Tale,,
1660,Green Lantern: Legacy,,
1661,Green Lantern: Our Worlds at War,,
1662,Green Lantern: Rise of the Manhunters,,
1663,Green Lantern: Sinestro Corps Special,,
1664,Green Lantern: Willworld,,
1665,Harley and Ivy: Love on the Lam,,
1666,Harley Quinn & the Suicide Squad Special Edition,,
1667,Harley Quinn 25th Anniversary Special,,
1668,Harley Quinn 30th Anniversary Special,,
1669,Harley Quinn and the Suicide Squad April Fool's Special,,
1670,Harley Quinn Fartacular: Silent Butt Deadly,,
1671,Harley Quinn Holiday Special,,
1672,Harley Quinn Invades Comic-Con International: San Diego,,
1673,Harley Quinn Road Trip Special,,
1674,Harley Quinn Valentine's Day Special,,
1675,Harley Quinn: Be Careful What You Wish For,,
1676,Harley Quinn: Breaking Glass,,
1677,Harley Quinn: Our Worlds at War,,
1678,Harley Quinn: The Arkham Asylum Files,,
1679,Harley Quinn's Villain of the Year,,
1680,Hawkman Secret Files and Origins,,
1681,Hitman/Lobo: That Stupid Bastich,,
1682,Human Target Special,,
1683,Human Target: Final Cut,,
1684,Husk: A Tale from the Weedkiller Wastewoods,,
1685,Icons: The DC Comics and WildStorm Art of Jim Lee,,
1686,Impulse/Atom: Double Shot,,
1687,Impulse: Bart Saves the Universe,,
1688,Infinite Crisis Secret Files and Origins,,
1689,Infinite Crisis Special: Day of Vengeance,,
1690,Infinite Crisis Special: OMAC Project,,
1691,Infinite Crisis Special: Rann-Thanagar War,,
1692,Infinite Crisis Special: Villains United,,
1693,Infinite Frontier Secret Files,,
1694,Infinite Halloween Special,,
1695,Infinity Inc. Special,,
1696,Ironwolf: Fires of the Revolution,,
1697,Jimmy Olsen,,
1698,Jinny Hex Special,,
1699,JLA 80-Page Giant 2011,,
1700,JLA in Crisis Secret Files and Origins,,
1701,JLA Showcase 80-Page Giant,,
1702,JLA/Doom Patrol Special,,
1703,JLA/Haven: Anathema,,
1704,JLA/Haven: Arrival,,
1705,JLA/JSA Secret Files and Origins,,
1706,JLA/JSA: Virtue and Vice,,
1707,JLA/Witchblade,,
1708,JLA: A League of One,,
1709,JLA: Earth-2,,
1710,JLA: Foreign Bodies,,
1711,JLA: Gods and Monsters,,
1712,JLA: Heaven's Ladder,,
1713,JLA: Island of Dr. Moreau,,
1714,JLA: Liberty and Justice,,
1715,JLA: Our Worlds at War,,
1716,JLA: Primeval,,
1717,JLA: Riddle of the Beast,,
1718,JLA: Secret Origins,,
1719,JLA: Seven Caskets,,
1720,JLA: Shogun of Steel,,
1721,JLA: Superpower,,
1722,JLA: Tomorrow Woman,,
1723,JLA: Welcome to the Working Week,,
1724,Joker (graphic novel),,
1725,The Joker 80th Anniversary 100-Page Super Spectacular,,
1726,Joker: Devil's Advocate,,
1727,Joker: Last Laugh Secret Files and Origins,,
1728,Joker: The World,,
1729,The Joker: Year of the Villain,,
1730,Jonah Hex: No Way Back,,
1731,JSA 80-Page Giant 2010,,
1732,JSA 80-Page Giant 2011,,
1733,JSA: Our Worlds at War,,
1734,The Judas Coin,,
1735,Just Imagine: Aquaman,,
1736,Just Imagine: Batman,,
1737,Just Imagine: Catwoman,,
1738,Just Imagine: Crisis,,
1739,Just Imagine: Flash,,
1740,Just Imagine: Green Lantern,,
1741,Just Imagine: JLA,,
1742,Just Imagine: Robin,,
1743,Just Imagine: Sandman,,
1744,Just Imagine: Secret Files and Origins,,
1745,Just Imagine: Shazam!,,
1746,Just Imagine: Superman,,
1747,Just Imagine: Wonder Woman,,
1748,Justice League America vs. Amazo,,
1749,Justice League of America Super Spectacular,,
1750,Justice League of America Wedding Special,,
1751,Justice League Spectacular,,
1752,Justice League/Aquaman: Drowned Earth,,
1753,Justice League: Gods and Monsters - Batman,,
1754,Justice League: Gods and Monsters - Superman,,
1755,Justice League: Gods and Monsters - Wonder Woman,,
1756,Justice League: Rise and Fall Special,,
1757,Justice League: Road to Dark Crisis,,
1758,Justice League: The New Frontier Special,,
1759,Justice Riders (graphic novel),,
1760,Justice Society of America 80-Page Giant,,
1761,Justice Society of America Kingdom Come Special Magog,,
1762,Justice Society of America Kingdom Come Special Superman,,
1763,Justice Society of America Kingdom Come Special: The Kingdom,,
1764,The Kamandi Challenge Special,,
1765,Knight Terrors: First Blood,,
1766,Knight Terrors: Night's End,,
1767,Krypton: Tales From the Phantom Zone,,
1768,Last Days of the Justice Society Special,,
1769,The Legend of Aquaman,,
1770,Legend of the Swamp Thing: Halloween Spectacular,,
1771,Legends of the DC Universe: Crisis on Infinite Earths,,
1772,Legion of Substitute Heroes Special,,
1773,Legion of Super-Villains,,
1774,The Legion Secret Files,,
1775,Leviathan Dawn,,
1776,Lex Luthor: The Unauthorized Biography,,
1777,Lex Luthor: Year of the Villain,,
1778,The Life Story of the Flash,,
1779,Lobo Cancellation Special,,
1780,Lobo Convention Special,,
1781,Lobo Goes to Hollywood,,
1782,Lobo Paramilitary Christmas Special,,
1783,Lobo/Deadman: The Brave and the Bald,,
1784,Lobo/Demon - Hellowe'en,,
1785,Lobo: Blazing Chain of Love,,
1786,Lobo: Bounty Hunting for Fun and Profit,,
1787,Lobo: Chained,,
1788,Lobo: Fragtastic Voyage,,
1789,Lobo: I Quit,,
1790,Lobo: In the Chair,,
1791,Lobo: Portrait of a Victim,,
1792,Lobocop,,
1793,Lobo's Big Babe Spring Break Special,,
1794,Lords of the Ultra-Realm Special,,
1795,Losers Special,,
1796,The Lost Carnival: A Dick Grayson Graphic Novel,,
1797,Man and Superman 100-Page Super Spectacular,,
1798,Manhunter Special,,
1799,Mann and Superman,,
1800,Martian Manhunter Special,,
1801,Mera: Tidebreaker,,
1802,Mighty Crusaders Special,,
1803,Mighty Love,,
1804,Mother Panic/Batman Special,,
1805,Mysterious Suspense,,
1806,The New 52: FCBD Special Edition,,
1807,The New Gods Special,,
1808,The New Golden Age,,
1809,The New Teen Titans: Games,,
1810,The Newsboy Legion and the Boy Commandos Special,,
1811,Newstime: The Life and Death of the Man of Steel,,
1812,Nightmaster: Monsters of Rock,,
1813,Nightwing 80-Page Giant,,
1814,Nightwing Secret Files and Origins,,
1815,Nightwing: Alfred's Return,,
1816,Nightwing: Our Worlds at War,,
1817,Nightwing: Target,,
1818,Nobody,,
1819,Nubia & The Justice League Special,,
1820,Nubia: Coronation Special,,
1821,Ocean Master: Year of the Villain,,
1822,Olympus: Rebirth,,
1823,The Oracle Code,,
1824,Our Fighting Forces Giant,,
1825,Outsiders Special,,
1826,Parallax: Emerald Night,,
1827,The Penguin Special,,
1828,Poison Ivy/Swamp Thing: Feral Trees,,
1829,The Power Company: Bork,,
1830,The Power Company: Josiah Power,,
1831,The Power Company: Manhunter,,
1832,The Power Company: Recharged,,
1833,The Power Company: Sapphire,,
1834,The Power Company: Skyrocket,,
1835,The Power Company: Striker Z,,
1836,The Power Company: Witchfire,,
1837,Power Girl Special,,
1838,The Power of Shazam! (graphic novel),,
1839,Prelude to Infinite Crisis,,
1840,President Luthor Secret Files and Origins,,
1841,Punchline,,
1842,The Question Returns,,
1843,Ragman: Suit of Souls,,
1844,Realworlds: Batman,,
1845,Realworlds: Justice League of America,,
1846,Realworlds: Superman,,
1847,Realworlds: Wonder Woman,,
1848,The Return of Superman 30th Anniversary Special,,
1849,The Riddler: Year of the Villain,,
1850,Robin 80-Page Giant,,
1851,Robin 80th Anniversary 100-Page Super Spectacular,,
1852,Robin Rises: Alpha,,
1853,Robin Rises: Omega,,
1854,Robin/Argent: Double Shot,,
1855,Robin/Spoiler Special,,
1856,The Sandman: Special Edition,,
1857,Secret Origins 80-Page Giant,,
1858,Secret Origins of Super-Villains 80-Page Giant,,
1859,Secret Origins of the World's Greatest Super-Heroes,,
1860,Sensational Wonder Woman Special,,
1861,Sgt. Rock: Between Hell and a Hard Place,,
1862,"Shade, the Changing Girl/Wonder Woman Special",,
1863,Shadow War Zone,,
1864,Shadow War: Alpha,,
1865,Shadow War: Omega,,
1866,Shadowdragon Annual,,
1867,Shazam!: Power of Hope,,
1868,Silver Age 80-Page Giant,,
1869,Silver Age Secret Files and Origins,,
1870,Silver Age: Challengers of the Unknown,,
1871,Silver Age: Dial H for Hero,,
1872,Silver Age: Doom Patrol,,
1873,Silver Age: Green Lantern,,
1874,Silver Age: Justice League of America,,
1875,Silver Age: Showcase,,
1876,Silver Age: Teen Titans,,
1877,Silver Age: The Flash,,
1878,Sinestro: Year of the Villain,,
1879,Sins of Youth: Aquaboy and Lagoon Man,,
1880,Sins of Youth: Batboy and Robin,,
1881,"Sins of Youth: JLA, Jr.",,
1882,Sins of Youth: Kid Flash and Impulse,,
1883,Sins of Youth: Secret and Deadboy,,
1884,"Sins of Youth: Starwoman and the JSA, Jr.",,
1885,"Sins of Youth: Superman, Jr. and Superboy, Sr.",,
1886,Sins of Youth: Wonder Girls,,
1887,Son of Superman,,
1888,Stargirl Spring Break Special,,
1889,Starman 80-Page Giant,,
1890,Starman Secret Files and Origins,,
1891,Starman/Congorilla,,
1892,Starman: The Mist,,
1893,Static Shock Special,,
1894,The Strange Case of Harleen and Harley,,
1895,Strange Love Adventures,,
1896,Suicide Squad Special Edition (FCBD),,
1897,Suicide Squad: Amanda Waller,,
1898,Suicide Squad: War Crimes Special,,
1899,Summer of Superman Special,,
1900,Super Heroes: The Secret of the Sinister Lighthouse!,,
1901,Superboy/Risk: Double Shot,,
1902,Supergirl and Team Luthor,,
1903,Supergirl Special,,
1904,Supergirl/Prysm: Double Shot,,
1905,Supergirl: Wings,,
1906,Superman - 30th Anniversary Special Edition,,
1907,Superman & Batman: Doom Link,,
1908,Superman & Robin Special,,
1909,Superman 3-D,,
1910,Superman 80-Page Giant 2011,,
1911,Superman Beyond,,
1912,Superman For Earth,,
1913,Superman Forever,,
1914,Superman in The Computer Masters of Metropolis,,
1915,Superman in The Computers That Saved Metropolis,,
1916,Superman in Victory by Computer,,
1917,The Superman Monster,,
1918,Superman Red/Superman Blue,,
1919,Superman Special,,
1920,Superman Versus Darkseid: Apokolips Now,,
1921,Superman Villains Secret Files and Origins,,
1922,Superman vs. Metallo,,
1923,"Superman, Inc.",,
1924,Superman/Batman Secret Files & Origins 2003,,
1925,Superman/Toyman,,
1926,Superman: A Nation Divided,,
1927,Superman: At Earth's End,,
1928,Superman: Blood of My Ancestors,,
1929,Superman: Distant Fires,,
1930,Superman: End of the Century,,
1931,Superman: Endless Winter Special,,
1932,Superman: For the Animals,,
1933,Superman: Heroes,,
1934,Superman: House of Brainiac Special,,
1935,Superman: Infinite City,,
1936,Superman: Kal,,
1937,Superman: Kal-El Returns Special,,
1938,Superman: King of the World,,
1939,Superman: Last Son of Krypton - FCBD Special Edition,,
1940,Superman: Last Stand on Krypton,,
1941,Superman: Leviathan Rising Special,,
1942,Superman: Lex 2000,,
1943,Superman: Lex Luthor Special,,
1944,Superman: Metropolis Secret Files and Origins,,
1945,Superman: New Krypton Special,,
1946,Superman: Our Worlds at War Secret Files and Origins,,
1947,Superman: Peace on Earth,,
1948,Superman: Save the Planet,,
1949,Superman: Secret Files 2009,,
1950,Superman: Speeding Bullets,,
1951,Superman: Terra-Man's Skyway Robbery,,
1952,Superman: The 10¢ Adventure,,
1953,Superman: The Animated Series Guide,,
1954,Superman: The Earth Stealers,,
1955,Superman: The Last God of Krypton,,
1956,Superman: The Legacy of Superman,,
1957,Superman: The Odyssey,,
1958,Superman: The Wedding Album,,
1959,Superman: True Brit,,
1960,Superman: Under a Yellow Sun,,
1961,Superman: Villains,,
1962,Superman: War of the Worlds,,
1963,Superman: Warworld Apocalypse,,
1964,Superman: Where Is Thy Sting?,,
1965,Superman: Y2K,,
1966,Superman's Christmas Adventure,,
1967,Superman's Metropolis,,
1968,"Superman's Pal Jimmy Olsen's Boss, Perry White",,
1969,Super-Pets Special: Bitedentity Crisis,,
1970,Superwoman Special,,
1971,Swamp Thing Halloween Horror Giant,,
1972,Swamp Thing Winter Special,,
1973,Swamp Thing: Roots,,
1974,Sword of Azrael: Dark Knight of the Soul,,
1975,Tales from Earth-6: A Celebration of Stan Lee,,
1976,Talos of the Wilderness Sea,,
1977,Tangent Comics: Atom,,
1978,Tangent Comics: Batman,,
1979,Tangent Comics: Doom Patrol,,
1980,Tangent Comics: Flash,,
1981,Tangent Comics: Green Lantern,,
1982,Tangent Comics: JLA,,
1983,Tangent Comics: Joker,,
1984,Tangent Comics: Metal Men,,
1985,Tangent Comics: Nightwing,,
1986,Tangent Comics: Nightwing: Night Force,,
1987,Tangent Comics: Powergirl,,
1988,Tangent Comics: Sea Devils,,
1989,Tangent Comics: Secret Six,,
1990,Tangent Comics: Tales of the Green Lantern,,
1991,Tangent Comics: The Joker's Wild,,
1992,Tangent Comics: The Superman,,
1993,Tangent Comics: The Trials of the Flash,,
1994,Tangent Comics: Wonder Woman,,
1995,Team Superman Secret Files and Origins,,
1996,Team Superman,,
1997,Teen Titans Lost Annual,,
1998,Teen Titans Special,,
1999,Teen Titans/The Legion Special,,
2000,Teen Titans: Cold Case,,
2001,Teen Titans: Endless Winter Special,,
2002,Teen Titans: The Lazarus Contract Special,,
2003,"Tell Me, Dark",,
2004,Thrillkiller '62,,
2005,Tis the Season to Be Freezin',,
2006,Titans East Special,,
2007,Titans Sell-Out Special,,
2008,Titans Special,,
2009,Titans: Beast World Evolution,,
2010,Titans: Beast World Tour: Atlantis,,
2011,Titans: Beast World Tour: Central City,,
2012,Titans: Beast World Tour: Gotham,,
2013,Titans: Beast World Tour: Metropolis,,
2014,Titans: Beast World Tour: Star City,,
2015,Titans: Beast World: Waller Rising,,
2016,"Titans: Scissors, Paper, Stone",,
2017,Titans: Villains for Hire Special,,
2018,Trinity Special,,
2019,Under the Moon: A Catwoman Tale,,
2020,Underworld Unleashed: Abyss - Hell's Sentinel,,
2021,Underworld Unleashed: Apokolips - Dark Uprising,,
2022,Underworld Unleashed: Batman - Devil's Asylum,,
2023,Underworld Unleashed: Patterns of Fear,,
2024,Untold Tales of Blackest Night,,
2025,Viking Glory: The Viking Prince,,
2026,Villains Giant,,
2027,Welcome Back to the House of Mystery,,
2028,Wild Dog Special,,
2029,Wonder Woman 80th Anniversary 100-Page Super Spectacular,,
2030,Wonder Woman Special,,
2031,Wonder Woman: Amazonia,,
2032,Wonder Woman: Donna Troy,,
2033,Wonder Woman: Spirit of Truth,,
2034,Wonder Woman: The Adventures of Young Diana Special,,
2035,Wonder Woman: The Angle Menace!,,
2036,Wonder Woman: The Blue Amazon,,
2037,Wonder Woman: The Hiketeia,,
2038,Wonder Woman: The Once and Future Story,,
2039,Wonder Woman: The True Amazon,,
2040,Wonder Woman: Warbringer (graphic novel),,
2041,Worlds Collide,,
2042,World's Finest: Our Worlds at War,,
2043,World's Greatest Super-Heroes Holiday Special,,
2044,Young Justice 80-Page Giant,,
2045,Young Justice Secret Files and Origins,,
2046,Young Justice Special,,
2047,Young Justice: Our Worlds at War,,
2048,Young Justice: Sins of Youth Secret Files and Origins,,
2049,Young Justice: The Secret,,
2050,Young Monsters in Love,,
2051,Young Romance: A New 52 Valentine's Day Special,,
2052,Zatanna and the House of Secrets,,
2053,Zatanna Special,,
2054,Zatanna: Everyday Magic,,
2055,Zero Hour: 30th Anniversary Special,,
2056,New History of the DC Universe,,
